personal_id,name,surname,phone_number,stage_name,career
1,Sophia,Mason,+44 793 2341234,Avant Couture,Sophia has made a name for herself in London with her bold futuristic designs. Her work focuses on using eco-friendly fabrics. She is constantly redefining what sustainability means in fashion.
2,James,Harrison,+1 202 5559876,Timeless Chic,James has been a staple in the fashion industry for over two decades. His designs emphasize timeless elegance and classic silhouettes. He continues to inspire new generations of designers with his craftsmanship.
3,Isabella,Smith,+1 213 5551234,Urban Visionary,Isabella is known for blending high fashion with urban culture. Her work has been featured in many prominent streetwear collections. She constantly pushes the boundaries of fashion to merge luxury and street style.
4,Olivia,Clark,+61 400 123456,Boho Glam,Olivias designs bring together bohemian style and glamour in a unique way. Her collections often mix flowy fabrics with bold embellishments. She is adored by celebrities for her red carpet looks.
5,Benjamin,Johnson,+1 415 5556543,Minimal Edge,Benjamin is a minimalist designer with a focus on sharp clean lines. His designs often feature a contemporary edgy twist. He has gained a reputation for redefining modern menswear.
6,Amelia,Davies,+44 770 9876543,Eco Haute,Amelia is at the forefront of sustainable fashion using only recycled materials. Her commitment to the environment is reflected in every collection. She has won several awards for her eco-conscious designs.
7,William,Jones,+61 420 5558765,Modern Maverick,William is a rebellious designer known for his daring menswear collections. He challenges traditional norms with his bold designs. His runway shows are famous for their unconventional themes and theatrics.
8,Charlotte,Miller,+1 305 5553210,Ethereal Dream,Charlottes collections are known for their dreamy ethereal quality. She uses light fabrics and intricate details to create otherworldly designs. Her work has been featured in numerous high-end fashion magazines.
9,Ethan,Taylor,+1 718 5553321,Street Pulse,Ethan draws inspiration from street culture and music. His collections often feature bold colors and oversized fits. He aims to merge the worlds of music fashion and urban culture.
10,Mia,Thomas,+44 790 5559901,Classic Revival,Mia brings a fresh take on classic fashion reviving vintage styles. Her designs have a modern twist while staying true to their roots. She is known for her impeccable tailoring and attention to detail.
11,Henry,Wright,+1 202 5558745,Dapper Tailor,Henry is a master of tailoring creating elegant and sophisticated suits. He blends traditional techniques with modern aesthetics. His work has been celebrated on the red carpet and in high fashion circles.
12,Ava,Martinez,+34 611 5553422,Floral Essence,Avas designs are heavily influenced by nature particularly flowers. Her collections are known for their vibrant colors and soft textures. She seeks to bring the beauty of the natural world into high fashion.
13,Noah,Evans,+1 312 5557612,Bold Form,Noah is celebrated for his bold architectural designs. He often experiments with structure and form in his collections. His work is praised for its artistic and avant-garde approach to fashion.
14,Emma,Walker,+44 775 5550987,Vintage Twist,Emma combines vintage fashion with modern trends in an innovative way. Her collections are often inspired by the 1950s and 1960s. She is known for her ability to blend nostalgia with contemporary fashion.
15,Lucas,White,+1 310 5557841,Dark Allure,Lucas specializes in dark mysterious aesthetics. His collections often feature deep tones and luxurious materials. He is praised for his unique blend of elegance and edge.
16,Emily,Hill,+44 789 5556721,Silk Whispers,Emilys designs are known for their softness and flowing silhouettes. She often uses silk and other delicate fabrics in her work. Her collections are perfect for women who value grace and elegance.
17,Alexander,Green,+1 646 5559210,Urban Edge,Alexander has made a name for himself by blending streetwear with high fashion. His collections are known for their boldness and urban-inspired designs. He consistently draws inspiration from the vibrant street culture around him.
18,Lily,Scott,+61 420 5559987,Beach Luxe,Lily designs luxury resort wear with a focus on elegance and comfort. Her collections are often inspired by tropical locations. She has become a go-to designer for high-end beach fashion.
19,Daniel,Adams,+1 718 5556541,Tailored Perfection,Daniel is renowned for his impeccable tailoring and sophisticated designs. He often incorporates classic elements into modern menswear. His attention to detail is unmatched in the fashion world.
20,Grace,Nelson,+1 305 5559321,Eclectic Beauty,Graces designs are a mix of eclectic patterns and vibrant colors. She draws inspiration from cultures around the world. Her work is known for its creativity and boldness on the runway.
21,Matthew,Brown,+1 202 5550986,Modern Gent,Matthew focuses on creating contemporary menswear with a classic touch. His designs are elegant practical and modern. He aims to cater to the modern gentleman with a refined sense of style.
22,Harper,Cooper,+44 774 5559821,Bohemian Waves,Harpers designs are inspired by bohemian fashion with a modern twist. She often uses natural fabrics and flowing lines. Her collections have gained a loyal following for their carefree elegance.
23,Liam,Baker,+1 718 5557123,Sporty Chic,Liam merges sporty elements with high fashion in his collections. His designs are practical yet stylish blending comfort with elegance. He has been at the forefront of the athleisure trend.
24,Evelyn,Carter,+61 420 5551290,Modern Muse,Evelyns designs are known for their minimalism and clean lines. She often draws inspiration from art and architecture. Her collections are perfect for the modern woman with a minimalist style.
25,Mason,King,+1 213 5559982,Rogue Tailor,Mason challenges traditional tailoring with his rebellious designs. He is known for mixing classic tailoring with unexpected details. His work appeals to those looking for something bold and different.
26,Ella,Garcia,+34 622 5553321,Golden Threads,Ellas collections are known for their luxurious materials and intricate embroidery. She often uses gold tones and delicate fabrics. Her designs are highly sought after for high-profile events.
27,Logan,Ramirez,+1 202 5556723,Urban Nomad,Logans designs are inspired by the constant movement of urban life. He creates versatile pieces that can be worn in any setting. His collections are praised for their practicality and style.
28,Scarlett,Rodriguez,+1 718 5552134,Glam Reverie,Scarletts collections are the epitome of glamour and sophistication. She often uses luxurious materials and bold designs. Her work is celebrated for its elegance and red-carpet appeal.
29,Dylan,Campbell,+61 420 5557211,Tech Couture,Dylan blends technology with fashion to create futuristic designs. His collections often feature tech-infused fabrics and innovative cuts. He aims to lead the industry in wearable technology.
30,Avery,Young,+1 718 5551290,Urban Minimalist,Averys designs are simple yet striking focusing on clean lines. She draws inspiration from city life and modern architecture. Her collections are perfect for the modern minimalist.
31,Jack,Turner,+1 202 5554321,Sharp Tailor,Jack specializes in sharp tailored menswear that exudes sophistication. He is known for his clean cuts and precise fits. His designs have been worn by some of the top names in the industry.
32,Chloe,Parker,+44 755 5552311,Silk Dreams,Chloe creates collections inspired by the softness and elegance of silk. Her designs are known for their flowing lines and luxurious feel. She has been featured in numerous high-end fashion shows.
33,Jacob,Stewart,+1 312 5554321,Urban Maverick,Jacob is a fashion rebel known for his edgy and unconventional designs. His collections often incorporate streetwear elements into high fashion. He has built a loyal following of fashion-forward individuals.
34,Layla,Bell,+1 305 5558901,Coastal Chic,Layla creates resort wear inspired by coastal living. Her collections feature light fabrics and breezy silhouettes. She is known for her effortless and chic approach to fashion.
35,Luke,Collins,+1 213 5559980,Architectural Lines,Lukes designs are heavily influenced by architecture and structure. His collections are known for their bold shapes and clean lines. He aims to push the boundaries of fashion with his artistic vision.
36,Zoe,Griffin,+44 793 5552323,Eternal Glam,Zoe specializes in glamorous evening wear with a timeless feel. Her collections feature luxurious fabrics and intricate designs. She is a favorite among celebrities for high-profile events.
37,Sebastian,Sanchez,+1 312 5558743,Nomad Threads,Sebastians designs are inspired by his travels around the world. His collections blend various cultural influences with modern fashion. He is known for his eclectic style and unique use of textiles.
38,Lily,Morris,+61 420 5559983,Blossom Couture,Lilys designs are inspired by nature particularly flowers and plants. Her collections are known for their delicate fabrics and floral motifs. She aims to bring the beauty of nature into every piece she creates.
39,Samuel,Mitchell,+1 415 5556721,Tailored Edge,Samuel is known for combining traditional tailoring with edgy details. His collections often feature sharp lines and bold patterns. He is a favorite among those looking for unique menswear pieces.
40,Hannah,Brooks,+44 775 5550198,Opulent Dreams,Hannah specializes in luxurious evening wear with a focus on detail. Her collections are known for their intricate beadwork and lavish fabrics. She is a go-to designer for elegant high-society events.
41,Eli,Gray,+1 415 5552301,Casual Luxury,Eli designs high-end casual wear for the modern man. His collections blend comfort with sophistication. He is known for creating versatile pieces that work in any setting.
42,Aubrey,Howard,+1 718 5557834,Rebel Couture,Aubrey is known for her rebellious avant-garde designs. Her collections often push the boundaries of traditional fashion. She is celebrated for her boldness and creativity on the runway.
43,Caleb,Ward,+1 312 5552310,Street Luxe,Caleb blends luxury fashion with streetwear elements in his collections. His designs are known for their boldness and versatility. He aims to create pieces that can be worn in both casual and high-fashion settings.
44,Sofia,Reed,+44 770 5557612,Classic Opulence,Sofias designs are known for their elegance and timeless appeal. She often uses luxurious fabrics and intricate detailing. Her work is a staple in high-end fashion circles.
45,Jackson,Cook,+1 305 5551223,Bold Vision,Jackson creates bold experimental fashion that challenges traditional norms. His collections often feature bright colors and unique shapes. He is known for his innovative approach to design.
46,Avery,Foster,+61 420 5558812,Modern Icon,Avery focuses on creating modern iconic looks that stand the test of time. Her collections are minimalist yet striking. She has gained a following for her sleek and sophisticated style.
47,Levi,Bailey,+1 202 5559845,Eco Couture,Levi is a leader in sustainable fashion using only eco-friendly materials. His collections are known for their simple clean designs. He aims to prove that fashion can be both stylish and environmentally conscious.
48,Savannah,Peterson,+44 770 5559381,Bohemian Luxe,Savannahs designs are inspired by bohemian fashion with a luxurious touch. Her collections feature rich fabrics and relaxed silhouettes. She is a favorite among those who value comfort and style.
49,Nathan,Murphy,+1 213 5557392,Artisan Couture,Nathans designs are a tribute to traditional craftsmanship and artistry. His collections often feature hand-stitched details and high-quality fabrics. He believes in preserving the art of handmade fashion.
50,Victoria,Phillips,+1 415 5551930,Glamour House,Victoria specializes in glamorous evening wear with a modern twist. Her designs are known for their dramatic flair and luxurious fabrics. She continues to push the boundaries of formal fashion.
