id,duration,location_address,title,description
1,60.0,101 Style St Milan Italy,Milan Fashion Extravaganza,Join us for an unforgettable evening of style and creativity. This exhibition will feature the latest trends from top designers.
2,75.5,102 Fashion Ave New York NY 10001,New York Spring Showcase,Celebrate the arrival of spring with this vibrant fashion exhibition. Designers will display their latest collections in a stunning setting.
3,90.25,103 Chic Blvd Paris France,Paris Fashion Gala,Experience the glamour of Parisian fashion at this exclusive event. This exhibition will highlight both established and emerging talents.
4,80.0,104 Trendy Ln London UK,London Style Festival,Join us for a celebration of British fashion and style. This exhibition will showcase innovative designs from various designers.
5,95.0,105 Elegant Rd Tokyo Japan,Tokyo Fashion Odyssey,Explore the diverse world of fashion at this exciting exhibition. Designers from around the globe will present their unique collections.
6,70.75,106 Glamour St Barcelona Spain,Barcelona Fashion Week,Immerse yourself in the vibrant atmosphere of Barcelona fashion. This exhibition features stunning designs and creative concepts.
7,100.5,107 Artistic Blvd Berlin Germany,Berlin Fashion Revolution,Witness a revolution in fashion with groundbreaking designs. This exhibition will challenge conventional style norms.
8,85.0,108 Stylish Rd Sydney Australia,Sydney Fashion Voyage,Join us for a journey through the latest trends in fashion. This exhibition will showcase creative talents from Australia.
9,60.25,109 Unique St Toronto Canada,Toronto Fashion Showcase,Discover the best of Canadian fashion in this exciting exhibition. Designers will present their innovative collections.
10,75.0,110 Trendy Ave Milan Italy,Milan Trend Setters,Explore the latest trends and styles in the heart of Milan. This exhibition features top designers and their newest works.
11,90.0,111 Couture Rd New York NY 10001,New York Fashion Discovery,Experience the excitement of discovering new fashion trends. This exhibition will feature up-and-coming designers and their collections.
12,80.5,112 Fashion St Paris France,Paris Fashion Impressions,Celebrate the beauty of fashion in Paris with this exclusive exhibition. Expect breathtaking designs and inspiring concepts.
13,95.25,113 Stylish Ave London UK,London Fashion Showcase,Witness the latest trends in London fashion. This exhibition highlights innovative designs from various designers.
14,70.5,114 Trendy Rd Tokyo Japan,Tokyo Style Exhibition,Experience the vibrant and dynamic styles of Tokyo fashion. This exhibition showcases the creativity of local designers.
15,85.0,115 Glamour Ln Barcelona Spain,Barcelona Chic Show,Join us for a celebration of chic fashion in Barcelona. This exhibition will feature elegant designs and artistic displays.
16,100.25,116 Elegant Blvd Berlin Germany,Berlin Fashion Perspectives,Explore diverse perspectives in fashion at this captivating exhibition. This event will showcase a variety of styles and concepts.
17,60.75,117 Unique Rd Sydney Australia,Sydney Fashion Mosaic,Celebrate the mosaic of styles in Australian fashion. This exhibition features innovative and colorful designs.
18,90.0,118 Trendy Ave New York NY 10001,New York Fashion Perspectives,Join us for an exploration of diverse fashion styles. This exhibition highlights a variety of designers and their unique visions.
19,75.5,119 Chic Blvd Paris France,Paris Fashion Colors,Discover the vibrant colors of fashion at this exclusive exhibition. Expect a lively display of creativity and artistic expression.
20,80.25,120 Stylish Rd Milan Italy,Milan Fashion Spectrum,Join us for a showcase of the fashion spectrum in Milan. This exhibition highlights innovative designs from local talents.
21,95.0,121 Elegant Ln Toronto Canada,Toronto Fashion Experience,Explore the Canadian fashion scene at this exciting exhibition. Designers will present their latest works and trends.
22,90.5,122 Glamour St London UK,London Style Revolution,Experience a revolution in London fashion with this dynamic exhibition. Watch designers showcase their innovative concepts.
23,100.0,123 Trendy Rd Tokyo Japan,Tokyo Fashion Fusion,Join us for a fusion of traditional and modern styles in Tokyo. This exhibition celebrates the rich heritage of Japanese fashion.
24,70.0,124 Artistic Blvd Barcelona Spain,Barcelona Fashion Innovation,Explore innovative designs and creative ideas in Barcelona. This exhibition showcases the best in modern fashion.
25,85.5,125 Stylish Ln Sydney Australia,Sydney Fashion Celebration,Celebrate the latest trends in Australian fashion at this exhibition. Expect a showcase of stunning designs and talent.
26,60.0,126 Unique Rd Milan Italy,Milan Fashion Illusions,Experience the magic of fashion through this captivating exhibition. Designers will showcase their most imaginative creations.
27,75.5,127 Couture Rd New York NY 10001,New York Fashion Explosion,Join us for an explosion of colors and styles in New York. This exhibition features diverse designers and their unique visions.
28,90.25,128 Trendy Ave Paris France,Paris Fashion Gala,Celebrate the elegance of Parisian fashion at this prestigious exhibition. Designers will showcase their finest creations.
29,80.75,129 Stylish Rd Berlin Germany,Berlin Fashion Spotlight,Explore the latest trends and styles in Berlin fashion. This exhibition features emerging talents and their innovative designs.
30,95.0,130 Glamour St London UK,London Fashion Inspirations,Join us for a showcase of inspirational designs from Londons best. This exhibition celebrates creativity and innovation.
31,60.5,131 Artistic Blvd Tokyo Japan,Tokyo Creative Showcase,Experience the creativity of Tokyos fashion scene at this exhibition. Designers will present their imaginative collections.
32,75.5,132 Unique Rd Barcelona Spain,Barcelona Fashion Encounter,Discover the rich diversity of fashion in Barcelona. This exhibition highlights both local and international designers.
33,90.0,133 Stylish Ln Sydney Australia,Sydney Fashion Scene,Celebrate the vibrant fashion scene in Sydney with this exciting exhibition. Expect bold designs and creative concepts.
34,70.0,134 Glamour Rd New York NY 10001,New York Chic Show,Join us for a celebration of chic designs and modern aesthetics. This exhibition showcases talented designers from New York.
35,85.25,135 Trendy Blvd Paris France,Paris Fashion Extravaganza,Experience a spectacular display of fashion in Paris. This exhibition features stunning designs from top talents.
36,100.0,136 Stylish Rd Milan Italy,Milan Fashion Voyage,Join us for a journey through Milans finest fashion. This exhibition showcases innovative designs and creative flair.
37,90.5,137 Artistic Ln Toronto Canada,Toronto Fashion Parade,Celebrate the creativity of Canadian designers at this exhibition. Expect a showcase of unique styles and concepts.
38,60.75,138 Couture St London UK,London Fashion Escapade,Experience a journey through the latest trends in London fashion. This exhibition highlights the creativity of local designers.
39,75.5,139 Trendy Rd Sydney Australia,Sydney Fashion Fusion,Celebrate the fusion of cultures in Australian fashion. This exhibition features diverse designers and their creative expressions.
40,90.0,140 Glamour Blvd Barcelona Spain,Barcelona Fashion Revelations,Join us for a showcase of revelations in Barcelona fashion. This exhibition highlights innovative designs and artistic expressions.
41,70.0,141 Unique Rd New York NY 10001,New York Style Spotlight,Explore the latest styles in the heart of New York. This exhibition showcases emerging designers and their unique visions.
42,85.0,142 Chic St Paris France,Paris Fashion Dreams,Experience the dreams of fashion come to life in Paris. This exhibition will feature stunning designs and creative talent.
43,90.5,143 Trendy Ln Milan Italy,Milan Fashion Showcase,Join us for a showcase of the latest trends in Milan. This exhibition features innovative designs from top designers.
44,100.0,144 Stylish Ave Tokyo Japan,Tokyo Fashion Festival,Celebrate the vibrant culture of Tokyo through fashion. This exhibition showcases creative designs and artistic expression.
45,60.5,145 Elegant Rd London UK,London Fashion Scene,Join us for an exploration of the London fashion scene. This exhibition highlights the best of local and international talent.
46,75.5,146 Artistic Blvd Barcelona Spain,Barcelona Fashion Fusion,Experience the fusion of styles in Barcelona fashion. This exhibition celebrates creativity and innovation.
47,90.0,147 Glamour St Sydney Australia,Sydney Fashion Inspirations,Celebrate the latest inspirations in Australian fashion. This exhibition features stunning designs and talented creators.
48,80.0,148 Trendy Rd New York NY 10001,New York Fashion Inspirations,Join us for an inspiring showcase of New York fashion. This exhibition features the latest trends and creative concepts.
49,95.25,149 Stylish Rd Paris France,Paris Fashion Showcase,Experience the elegance and creativity of Parisian fashion. This exhibition features a diverse range of talented designers.
50,100.5,150 Unique Blvd Milan Italy,Milan Fashion Odyssey,Explore a journey through fashion at this captivating exhibition. Designers will present their latest works and innovative ideas.
